{
    "LDA": {
	"H": [
	    -0.064
	],
	"C": [
	    -0.028, -0.024,
	    -0.024, -0.022
	],
	"N": [
	    -0.030, -0.026,
	    -0.026, -0.025
	],
	"O": [
	    -0.032, -0.028,
	    -0.028, -0.027
	],
	"Si": [
	    -0.018, -0.013, 0.000,
	    -0.013, -0.012, 0.000,
	    0.000, 0.000, -0.019
	],
	"S": [
	    -0.019, -0.016, 0.000,
	    -0.016, -0.014, 0.000,
	    0.000, 0.000, -0.010
	],
	"Fe": [
	    -0.013, -0.009, -0.003,
	    -0.009, -0.011, -0.001,
	    -0.003, -0.001, -0.015
	],
	"Ni": [
	    -0.009, -0.009, -0.003,
	    -0.009, -0.010, -0.001,
	    -0.003, -0.001, -0.017
	]
    },
    "GGA": {
	"H": [
	    -0.072
	],
	"C": [
	    -0.031, -0.025,
	    -0.025, -0.023
	],
	"N": [
	    -0.033, -0.027,
	    -0.027, -0.026
	],
	"O": [
	    -0.035, -0.030,
	    -0.030, -0.028
	],
	"F": [
	    -0.03697, -0.03124,
	    -0.03124, -0.02990

	],
	"Na": [
	    -0.01528, -0.01528,
	    -0.01528, -0.01528
	],
	"Mg": [
	    -0.01667, -0.01667,
	    -0.01667, -0.01667
	],
	"P": [
	    -0.02062, -0.01609, -0.01609,
	    -0.01609, -0.01490, -0.01490,
	    -0.01609, -0.01490, -0.01490
	],
	"S": [
	    -0.02137, -0.01699, -0.01699,
	    -0.01699, -0.01549, -0.01549,
	    -0.01699, -0.01549, -0.01549
	],
	"Cl": [
	    -0.02192, -0.01774 , -0.01774,
	    -0.01774, -0.01606 , -0.01606,
	    -0.01774, -0.01606 , -0.01606
	],
	"K": [
	    -0.01075, -0.01075,
	    -0.01075, -0.01075
	],
	"Ca": [
	    -0.01196, -0.01196,
	    -0.01196, -0.01196
	],
	"Fe": [
	    -0.016, -0.012, -0.003,
	    -0.012, -0.029, -0.001,
	    -0.003, -0.001, -0.015
	],
	"Ni": [
	    -0.016, -0.012, -0.003,
	    -0.012, -0.022, -0.001,
	    -0.003, -0.001, -0.018
	],
	"Zn": [
	    -0.01680, -0.01680, -0.00276,
	    -0.01680, -0.01680, -0.00276,
	    -0.00276, -0.00276, -0.01925
	],
	"Br": [
	    -0.01850, -0.01439, -0.01439,
	    -0.01439, -0.01377, -0.01377,
	    -0.01439, -0.01377, -0.01377
	],
	"Si": [
	    -0.020, -0.015, 0.000,
	    -0.015, -0.014, 0.000,
	    0.002, 0.002, -0.032
	],
	"S": [
	    -0.021, -0.017, 0.000,
	    -0.017, -0.016, 0.000,
	    0.000, 0.000, -0.080
	]
    },
    "3ob": {
	"H": [
	    -0.07174
	],
	"C": [
	    -0.03062, -0.02505,
	    -0.02505, -0.02265
	],
	"N": [
	    -0.03318, -0.02755,
	    -0.02755, -0.02545
	],
	"O": [
	    -0.03524, -0.02956,
	    -0.02956, -0.02785
	],
	"F": [
	    -0.03697, -0.03124,
	    -0.03124, -0.02990

	],
	"Na": [
	    -0.01528, -0.01528,
	    -0.01528, -0.01528
	],
	"Mg": [
	    -0.01667, -0.01667,
	    -0.01667, -0.01667
	],
	"P": [
	    -0.02062, -0.01609, -0.01609,
	    -0.01609, -0.01490, -0.01490,
	    -0.01609, -0.01490, -0.01490
	],
	"S": [
	    -0.02137, -0.01699, -0.01699,
	    -0.01699, -0.01549, -0.01549,
	    -0.01699, -0.01549, -0.01549
	],
	"Cl": [
	    -0.02192, -0.01774 , -0.01774,
	    -0.01774, -0.01606 , -0.01606,
	    -0.01774, -0.01606 , -0.01606
	],
	"K": [
	    -0.01075, -0.01075,
	    -0.01075, -0.01075
	],
	"Ca": [
	    -0.01196, -0.01196,
	    -0.01196, -0.01196
	],
	"Zn": [
	    -0.01680, -0.01680, -0.00276,
	    -0.01680, -0.01680, -0.00276,
	    -0.00276, -0.00276, -0.01925
	],
	"Br": [
	    -0.01850, -0.01439, -0.01439,
	    -0.01439, -0.01377, -0.01377,
	    -0.01439, -0.01377, -0.01377
	],
	"I": [
	    -0.01446, -0.01132, -0.01132,
	    -0.01132, -0.01144, -0.01144,
	    -0.01132, -0.01144, -0.01144
	]
    },
    "mio": {
	"H": [
	    -0.0717
	],
	"C": [
	    -0.0306, -0.0251,
	    -0.0251, -0.0227
	],
	"N": [
	    -0.0332, -0.0275,
	    -0.0275, -0.0255
	],
	"O": [
	    -0.0352, -0.0296,
	    -0.0296, -0.0278
	],
	"P": [
	    -0.0206, -0.0161, 0.0002,
	    -0.0161, -0.0149, -0.0002,
	    0.0002, -0.0002, -2.6293
	],
	"S": [
	    -0.0214, -0.0170, 0.0001,
	    -0.0170, -0.0155, -0.0001,
	    0.0001, -0.0001, -3.1592
	]
    },
    "ob2": {
	"H": [
	    -0.07925
	],
	"C": [
	    -0.04559, -0.02930,
	    -0.02930, -0.02755
	],
	"N": [
	    -0.04687, -0.03170,
	    -0.03165, -0.03072
	],
	"O": [
	    -0.04782, -0.03335,
	    -0.03335, -0.03307
	],
	"S": [
	    -0.03533, -0.02130, 0.00000,
	    -0.02135, -0.01921, 0.00000,
	    0.00000, 0.00000, -0.15488
	]
    },
    "pbc": {
	"H": [
	    -0.0717
	],
	"C": [
	    -0.0306, -0.0251,
	    -0.0251, -0.0227
	],
	"N": [
	    -0.0332, -0.0275,
	    -0.0275, -0.0255
	],
	"O": [
	    -0.0352, -0.0296,
	    -0.0296, -0.0278
	],
	"F": [
	    -0.0370, -0.0312,
	    -0.0312, -0.0299
	],
	"Si": [
	    -0.0196, -0.0150,
	    -0.0150, -0.0144
	],
	"Fe": [
	    -0.0160, -0.0124, -0.0035,
	    -0.0124, -0.0280, -0.0010,
	    -0.0035, -0.0010, -0.0155
	]
    }
}
